{"timestamp": "Thu, 23 Mar 2023 21:44:45", "cpu_usage": 1.6977157001848815, "mem_usage": 98.2413180871507, "disk_usage": 220.00682136856864}
{"timestamp": "Thu, 23 Mar 2023 21:44:50", "cpu_usage": 1.6979811532631288, "mem_usage": 98.00529463735229, "disk_usage": 220.01414784498004}
